{"Rule": 0.0, "Serial-Correlation": 1.5e-05, "Chi-square": 216.235162, "Mean": 127.498538, "Entropy": 7.999998, "File-bytes": 100000000.0, "Monte-Carlo-Pi": 3.142394}