{"Serial-Correlation": 0.000286, "File-bytes": 500000.0, "Mean": 127.417882, "Entropy": 7.999648, "Chi-square": 243.960832, "Rule": 0.0, "Monte-Carlo-Pi": 3.143005}