{"Mean": 127.404198, "Entropy": 7.999636, "File-bytes": 500000.0, "Monte-Carlo-Pi": 3.141517, "Rule": 0.0, "Chi-square": 252.238848, "Serial-Correlation": -0.001394}