{"0": {"File-bytes": 100000.0, "Mean": 123.02718, "Monte-Carlo-Pi": 3.790952, "Entropy": 2.934774, "Rule": 2507057605267.0, "Serial-Correlation": -0.042276, "Chi-square": 6664090.49088}, "1": {"File-bytes": 100000.0, "Mean": 103.7863, "Monte-Carlo-Pi": 3.399976, "Entropy": 7.021461, "Rule": 5668548155274.0, "Serial-Correlation": 0.015336, "Chi-square": 205761.9456}, "2": {"File-bytes": 100000.0, "Mean": 15.42245, "Monte-Carlo-Pi": 4.0, "Entropy": 1.219023, "Rule": 2560732935588.0, "Serial-Correlation": 0.278259, "Chi-square": 17205854.85312}, "3": {"File-bytes": 100000.0, "Mean": 110.19725, "Monte-Carlo-Pi": 2.482899, "Entropy": 2.770802, "Rule": 6188599446582.0, "Serial-Correlation": 0.156641, "Chi-square": 4603954.32448}, "4": {"File-bytes": 100000.0, "Mean": 142.28276, "Monte-Carlo-Pi": 3.787351, "Entropy": 3.114019, "Rule": 3996536901308.0, "Serial-Correlation": 0.455634, "Chi-square": 4712866.42176}, "5": {"File-bytes": 100000.0, "Mean": 115.03706, "Monte-Carlo-Pi": 3.300132, "Entropy": 6.124145, "Rule": 7606241026571.0, "Serial-Correlation": 0.270238, "Chi-square": 736935.41376}, "6": {"File-bytes": 100000.0, "Mean": 122.1998, "Monte-Carlo-Pi": 3.102124, "Entropy": 6.823145, "Rule": 1866925305429.0, "Serial-Correlation": 0.010987, "Chi-square": 202917.5808}, "7": {"File-bytes": 40.0, "Mean": 133.8, "Monte-Carlo-Pi": 2.0, "Entropy": 4.715312, "Rule": 3195419187471.0, "Serial-Correlation": -0.255049, "Chi-square": 395.2}, "8": {"File-bytes": 2596.0, "Mean": 101.376733, "Monte-Carlo-Pi": 3.694444, "Entropy": 5.744752, "Rule": 6124619472787.0, "Serial-Correlation": 0.01349, "Chi-square": 17039.87057}, "9": {"File-bytes": 9909.0, "Mean": 130.357049, "Monte-Carlo-Pi": 3.517868, "Entropy": 6.704143, "Rule": 6648254393172.0, "Serial-Correlation": 0.031913, "Chi-square": 23771.314865}, "10": {"File-bytes": 100000.0, "Mean": 165.03522, "Monte-Carlo-Pi": 2.75915, "Entropy": 3.058337, "Rule": 3559671367630.0, "Serial-Correlation": -0.054244, "Chi-square": 3681965.03552}, "11": {"File-bytes": 100000.0, "Mean": 0.0, "Monte-Carlo-Pi": 4.0, "Entropy": 0.0, "Rule": 1899339789300.0, "Serial-Correlation": -100000.0, "Chi-square": 25500000.0}, "12": {"File-bytes": 100000.0, "Mean": 91.01551, "Monte-Carlo-Pi": 3.99976, "Entropy": 0.00321, "Rule": 1427718456173.0, "Serial-Correlation": 0.783837, "Chi-square": 25489761.36192}, "13": {"File-bytes": 100000.0, "Mean": 124.88223, "Monte-Carlo-Pi": 3.168607, "Entropy": 7.657084, "Rule": 4287400649340.0, "Serial-Correlation": 0.007337, "Chi-square": 48835.67104}, "14": {"File-bytes": 61999.0, "Mean": 111.267875, "Monte-Carlo-Pi": 3.277267, "Entropy": 6.701746, "Rule": 7260892256293.0, "Serial-Correlation": 0.087097, "Chi-square": 170594.488798}, "15": {"File-bytes": 100000.0, "Mean": 89.5327, "Monte-Carlo-Pi": 3.593184, "Entropy": 3.842762, "Rule": 1894483703862.0, "Serial-Correlation": -0.048862, "Chi-square": 1953429.45792}, "16": {"File-bytes": 9722.0, "Mean": 146.168381, "Monte-Carlo-Pi": 3.061728, "Entropy": 5.879124, "Rule": 2756879324049.0, "Serial-Correlation": 0.100867, "Chi-square": 59541.772886}, "17": {"File-bytes": 100000.0, "Mean": 131.44419, "Monte-Carlo-Pi": 3.311652, "Entropy": 6.408015, "Rule": 621189752963.0, "Serial-Correlation": -0.010912, "Chi-square": 319303.33184}, "18": {"File-bytes": 2.0, "Mean": 107.0, "Monte-Carlo-Pi": NaN, "Entropy": 1.0, "Rule": 975333357668.0, "Serial-Correlation": -1.0, "Chi-square": 254.0}, "19": {"File-bytes": 32.0, "Mean": 82.84375, "Monte-Carlo-Pi": 3.2, "Entropy": 2.559196, "Rule": 5726064545612.0, "Serial-Correlation": 0.251235, "Chi-square": 1968.0}, "20": {"File-bytes": 100000.0, "Mean": 105.14582, "Monte-Carlo-Pi": 3.603024, "Entropy": 6.877776, "Rule": 6508583051459.0, "Serial-Correlation": -0.024992, "Chi-square": 217862.8864}, "21": {"File-bytes": 100000.0, "Mean": 126.00011, "Monte-Carlo-Pi": 4.0, "Entropy": 0.000181, "Rule": 2985886302069.0, "Serial-Correlation": -1e-05, "Chi-square": 25499488.00512}, "22": {"File-bytes": 2.0, "Mean": 114.5, "Monte-Carlo-Pi": NaN, "Entropy": 1.0, "Rule": 7572548114254.0, "Serial-Correlation": -1.0, "Chi-square": 254.0}, "23": {"File-bytes": 11040.0, "Mean": 129.76096, "Monte-Carlo-Pi": 3.932609, "Entropy": 2.818731, "Rule": 2713645168845.0, "Serial-Correlation": 0.062688, "Chi-square": 577421.171014}, "24": {"File-bytes": 6402.0, "Mean": 120.783974, "Monte-Carlo-Pi": 3.235239, "Entropy": 7.206916, "Rule": 6611557765694.0, "Serial-Correlation": 9e-05, "Chi-square": 7781.567635}, "25": {"File-bytes": 100000.0, "Mean": 112.54852, "Monte-Carlo-Pi": 3.560302, "Entropy": 6.603947, "Rule": 6164151466608.0, "Serial-Correlation": 0.044208, "Chi-square": 306594.37056}, "26": {"File-bytes": 20163.0, "Mean": 156.982195, "Monte-Carlo-Pi": 2.766667, "Entropy": 5.61131, "Rule": 6347610578302.0, "Serial-Correlation": -0.004783, "Chi-square": 153021.526906}, "27": {"File-bytes": 2.0, "Mean": 132.5, "Monte-Carlo-Pi": NaN, "Entropy": 1.0, "Rule": 4345945975182.0, "Serial-Correlation": -1.0, "Chi-square": 254.0}, "28": {"File-bytes": 100000.0, "Mean": 130.28182, "Monte-Carlo-Pi": 3.132125, "Entropy": 6.877541, "Rule": 2017309472457.0, "Serial-Correlation": 0.038464, "Chi-square": 208435.38432}, "29": {"File-bytes": 100000.0, "Mean": 79.25861, "Monte-Carlo-Pi": 3.445338, "Entropy": 4.896907, "Rule": 331531179129.0, "Serial-Correlation": 0.158121, "Chi-square": 1043615.09376}, "30": {"File-bytes": 112.0, "Mean": 135.473214, "Monte-Carlo-Pi": 2.666667, "Entropy": 3.784416, "Rule": 2825726256683.0, "Serial-Correlation": 0.218918, "Chi-square": 3915.428571}, "31": {"File-bytes": 100000.0, "Mean": 0.0, "Monte-Carlo-Pi": 4.0, "Entropy": 0.0, "Rule": 564977734999.0, "Serial-Correlation": -100000.0, "Chi-square": 25500000.0}, "32": {"File-bytes": 100000.0, "Mean": 70.7489, "Monte-Carlo-Pi": 4.0, "Entropy": 3.299102, "Rule": 5086730986705.0, "Serial-Correlation": -0.009334, "Chi-square": 3200000.0256}, "33": {"File-bytes": 0.0, "Mean": NaN, "Monte-Carlo-Pi": NaN, "Entropy": 0.0, "Rule": 2323222536793.0, "Serial-Correlation": -100000.0, "Chi-square": NaN}, "34": {"File-bytes": 100000.0, "Mean": 107.99493, "Monte-Carlo-Pi": 4.0, "Entropy": 0.001196, "Rule": 7487428152790.0, "Serial-Correlation": 0.745664, "Chi-square": 25496416.16384}, "35": {"File-bytes": 32867.0, "Mean": 141.034107, "Monte-Carlo-Pi": 2.738726, "Entropy": 7.02409, "Rule": 1676057750774.0, "Serial-Correlation": 0.017512, "Chi-square": 48124.298019}, "36": {"File-bytes": 100000.0, "Mean": 102.9436, "Monte-Carlo-Pi": 2.666507, "Entropy": 3.593474, "Rule": 2130477842511.0, "Serial-Correlation": 0.053911, "Chi-square": 2270244.7616}, "37": {"File-bytes": 100000.0, "Mean": 118.53974, "Monte-Carlo-Pi": 3.513021, "Entropy": 6.762661, "Rule": 5477285449751.0, "Serial-Correlation": 0.002863, "Chi-square": 214110.7712}, "38": {"File-bytes": 23522.0, "Mean": 126.774126, "Monte-Carlo-Pi": 3.012245, "Entropy": 7.483076, "Rule": 5484581250073.0, "Serial-Correlation": -0.035401, "Chi-square": 19192.974577}, "39": {"File-bytes": 100000.0, "Mean": 72.09052, "Monte-Carlo-Pi": 4.0, "Entropy": 1.618757, "Rule": 5906030756125.0, "Serial-Correlation": 0.469322, "Chi-square": 11100738.10944}, "40": {"File-bytes": 50.0, "Mean": 184.08, "Monte-Carlo-Pi": 0.5, "Entropy": 3.40637, "Rule": 5877991647579.0, "Serial-Correlation": 0.535474, "Chi-square": 1414.32}, "41": {"File-bytes": 100000.0, "Mean": 0.00243, "Monte-Carlo-Pi": 4.0, "Entropy": 0.000181, "Rule": 2866261380597.0, "Serial-Correlation": -1e-05, "Chi-square": 25499488.00512}, "42": {"File-bytes": 0.0, "Mean": NaN, "Monte-Carlo-Pi": NaN, "Entropy": 0.0, "Rule": 2146601650515.0, "Serial-Correlation": -100000.0, "Chi-square": NaN}, "43": {"File-bytes": 100000.0, "Mean": 120.09803, "Monte-Carlo-Pi": 3.149886, "Entropy": 6.912488, "Rule": 3245360379862.0, "Serial-Correlation": 0.105236, "Chi-square": 271770.14784}, "44": {"File-bytes": 18047.0, "Mean": 142.463512, "Monte-Carlo-Pi": 2.770868, "Entropy": 6.910147, "Rule": 6952925431295.0,