{"Serial-Correlation": 0.000731, "Rule": 0.0, "Monte-Carlo-Pi": 3.141613, "Mean": 127.497662, "File-bytes": 500000.0, "Entropy": 7.999631, "Chi-square": 256.275456}