{"Serial-Correlation": 5.1e-05, "File-bytes": 100000000.0, "Chi-square": 272.609674, "Mean": 127.503288, "Rule": 0.0, "Entropy": 7.999998, "Monte-Carlo-Pi": 3.140592}